{"v":"4.8.0","meta":{"g":"LottieFiles AE 3.4.5","a":"","k":"","d":"","tc":""},"fr":30,"ip":0,"op":30,"w":2048,"h":2048,"nm":"Untitled-Artwork","ddd":0,"assets":[{"id":"image_0","w":2048,"h":2048,"u":"","p":"image_0.png","e":1},{"id":"image_1","w":2048,"h":2048,"u":"","p":"image_1.png","e":1},{"id":"image_2","w":2048,"h":2048,"u":"","p":"image_2.png","e":1},{"id":"image_3","w":2048,"h":2048,"u":"","p":"image_3.png","e":1},{"id":"image_4","w":2048,"h":2048,"u":"","p":"image_4.png","e":1},{"id":"image_5","w":2048,"h":2048,"u":"","p":"image_5.png","e":1},{"id":"image_6","w":2048,"h":2048,"u":"","p":"image_6.png","e":1},{"id":"image_7","w":2048,"h":2048,"u":"","p":"image_7.png","e":1},{"id":"image_8","w":2048,"h":2048,"u":"","p":"image_8.png","e":1},{"id":"image_9","w":2048,"h":2048,"u":"","p":"image_9.png","e":1},{"id":"image_10","w":2048,"h":2048,"u":"","p":"image_10.png","e":1},{"id":"image_11","w":2048,"h":2048,"u":"","p":"image_11.png","e":1},{"id":"image_12","w":2048,"h":2048,"u":"","p":"image_12.png","e":1},{"id":"image_13","w":2048,"h":2048,"u":"","p":"image_13.png","e":1},{"id":"image_14","w":2048,"h":2048,"u":"","p":"image_14.png","e":1},{"id":"image_15","w":2048,"h":2048,"u":"","p":"image_15.png","e":1},{"id":"image_16","w":2048,"h":2048,"u":"","p":"image_16.png","e":1},{"id":"comp_0","layers":[{"ddd":0,"ind":1,"ty":2,"nm":"Cap 1","refId":"image_0","sr":1,"ks":{"o":{"a":0,"k":100,"ix":11},"r":{"a":0,"k":0,"ix":10},"p":{"a":0,"k":[1024,1024,0],"ix":2},"a":{"a":0,"k":[1024,1024,0],"ix":1},"s":{"a":0,"k":[100,100,100],"ix":6}},"ao":0,"ip":0,"op":30,"st":0,"bm":0},{"ddd":0,"ind":2,"ty":2,"nm":"Highlight 1","refId":"image_1","sr":1,"ks":{"o":{"a":0,"k":100,"ix":11},"r":{"a":0,"k":0,"ix":10},"p":{"a":0,"k":[1024,1024,0],"ix":2},"a":{"a":0,"k":[1024,1024,0],"ix":1},"s":{"a":0,"k":[100,100,100],"ix":6}},"ao":0,"ip":0,"op":30,"st":0,"bm":0},{"ddd":0,"ind":3,"ty":2,"nm":"Shade 1","refId":"image_2","sr":1,"ks":{"o":{"a":0,"k":100,"ix":11},"r":{"a":0,"k":0,"ix":10},"p":{"a":0,"k":[1024,1024,0],"ix":2},"a":{"a":0,"k":[1024,1024,0],"ix":1},"s":{"a":0,"k":[100,100,100],"ix":6}},"ao":0,"ip":0,"op":30,"st":0,"bm":0},{"ddd":0,"ind":4,"ty":2,"nm":"Bottle 1","refId":"image_3","sr":1,"ks":{"o":{"a":0,"k":100,"ix":11},"r":{"a":0,"k":0,"ix":10},"p":{"a":0,"k":[1024,1024,0],"ix":2},"a":{"a":0,"k":[1024,1024,0],"ix":1},"s":{"a":0,"k":[100,100,100],"ix":6}},"ao":0,"ip":0,"op":30,"st":0,"bm":0}]},{"id":"comp_1","layers":[{"ddd":0,"ind":1,"ty":2,"nm":"Cap 2","refId":"image_4","sr":1,"ks":{"o":{"a":0,"k":100,"ix":11},"r":{"a":0,"k":0,"ix":10},"p":{"a":0,"k":[1024,1024,0],"ix":2},"a":{"a":0,"k":[1024,1024,0],"ix":1},"s":{"a":0,"k":[100,100,100],"ix":6}},"ao":0,"ip":0,"op":30,"st":0,"bm":0},{"ddd":0,"ind":2,"ty":2,"nm":"Highlight 2","refId":"image_5","sr":1,"ks":{"o":{"a":0,"k":100,"ix":11},"r":{"a":0,"k":0,"ix":10},"p":{"a":0,"k":[1024,1024,0],"ix":2},"a":{"a":0,"k":[1024,1024,0],"ix":1},"s":{"a":0,"k":[100,100,100],"ix":6}},"ao":0,"ip":0,"op":30,"st":0,"bm":0},{"ddd":0,"ind":3,"ty":2,"nm":"Shade 2","refId":"image_6","sr":1,"ks":{"o":{"a":0,"k":92.549,"ix":11},"r":{"a":0,"k":0,"ix":10},"p":{"a":0,"k":[1024,1024,0],"ix":2},"a":{"a":0,"k":[1024,1024,0],"ix":1},"s":{"a":0,"k":[100,100,100],"ix":6}},"ao":0,"ip":0,"op":30,"st":0,"bm":0},{"ddd":0,"ind":4,"ty":2,"nm":"Bottle 2","refId":"image_7","sr":1,"ks":{"o":{"a":0,"k":100,"ix":11},"r":{"a":0,"k":0,"ix":10},"p":{"a":0,"k":[1024,1024,0],"ix":2},"a":{"a":0,"k":[1024,1024,0],"ix":1},"s":{"a":0,"k":[100,100,100],"ix":6}},"ao":0,"ip":0,"op":30,"st":0,"bm":0}]},{"id":"comp_2","layers":[{"ddd":0,"ind":1,"ty":2,"nm":"Cap 3","refId":"image_8","sr":1,"ks":{"o":{"a":0,"k":100,"ix":11},"r":{"a":0,"k":0,"ix":10},"p":{"a":0,"k":[1024,1024,0],"ix":2},"a":{"a":0,"k":[1024,1024,0],"ix":1},"s":{"a":0,"k":[100,100,100],"ix":6}},"ao":0,"ip":0,"op":30,"st":0,"bm":0},{"ddd":0,"ind":2,"ty":2,"nm":"Highlight 3","refId":"image_9","sr":1,"ks":{"o":{"a":0,"k":100,"ix":11},"r":{"a":0,"k":0,"ix":10},"p":{"a":0,"k":[1024,1024,0],"ix":2},"a":{"a":0,"k":[1024,1024,0],"ix":1},"s":{"a":0,"k":[100,100,100],"ix":6}},"ao":0,"ip":0,"op":30,"st":0,"bm":0},{"ddd":0,"ind":3,"ty":2,"nm":"Shade 3","refId":"image_10","sr":1,"ks":{"o":{"a":0,"k":100,"ix":11},"r":{"a":0,"k":0,"ix":10},"p":{"a":0,"k":[1024,1024,0],"ix":2},"a":{"a":0,"k":[1024,1024,0],"ix":1},"s":{"a":0,"k":[100,100,100],"ix":6}},"ao":0,"ip":0,"op":30,"st":0,"bm":0},{"ddd":0,"ind":4,"ty":2,"nm":"Bottle 3","refId":"image_11","sr":1,"ks":{"o":{"a":0,"k":100,"ix":11},"r":{"a":0,"k":0,"ix":10},"p":{"a":0,"k":[1024,1024,0],"ix":2},"a":{"a":0,"k":[1024,1024,0],"ix":1},"s":{"a":0,"k":[100,100,100],"ix":6}},"ao":0,"ip":0,"op":30,"st":0,"bm":0}]},{"id":"comp_3","layers":[{"ddd":0,"ind":1,"ty":2,"nm":"Cap 4","refId":"image_12","sr":1,"ks":{"o":{"a":0,"k":100,"ix":11},"r":{"a":0,"k":0,"ix":10},"p":{"a":0,"k":[1024,1024,0],"ix":2},"a":{"a":0,"k":[1024,1024,0],"ix":1},"s":{"a":0,"k":[100,100,100],"ix":6}},"ao":0,"ip":0,"op":30,"st":0,"bm":0},{"ddd":0,"ind":2,"ty":2,"nm":"Highlight 4","refId":"image_13","sr":1,"ks":{"o":{"a":0,"k":100,"ix":11},"r":{"a":0,"k":0,"ix":10},"p":{"a":0,"k":[1024,1024,0],"ix":2},"a":{"a":0,"k":[1024,1024,0],"ix":1},"s":{"a":0,"k":[100,100,100],"ix":6}},"ao":0,"ip":0,"op":30,"st":0,"bm":0},{"ddd":0,"ind":3,"ty":2,"nm":"Shade 4","refId":"image_14","sr":1,"ks":{"o":{"a":0,"k":100,"ix":11},"r":{"a":0,"k":0,"ix":10},"p":{"a":0,"k":[1024,1024,0],"ix":2},"a":{"a":0,"k":[1024,1024,0],"ix":1},"s":{"a":0,"k":[100,100,100],"ix":6}},"ao":0,"ip":0,"op":30,"st":0,"bm":0},{"ddd":0,"ind":4,"ty":2,"nm":"Bottle 4","refId":"image_15","sr":1,"ks":{"o":{"a":0,"k":100,"ix":11},"r":{"a":0,"k":0,"ix":10},"p":{"a":0,"k":[1024,1024,0],"ix":2},"a":{"a":0,"k":[1024,1024,0],"ix":1},"s":{"a":0,"k":[100,100,100],"ix":6}},"ao":0,"ip":0,"op":30,"st":0,"bm":0}]}],"layers":[{"ddd":0,"ind":1,"ty":0,"nm":"Phase 1","refId":"comp_0","sr":1,"ks":{"o":{"a":0,"k":100,"ix":11},"r":{"a":0,"k":0,"ix":10},"p":{"a":0,"k":[1024,1024,0],"ix":2},"a":{"a":0,"k":[1024,1024,0],"ix":1},"s":{"a":0,"k":[100,100,100],"ix":6}},"ao":0,"w":2048,"h":2048,"ip":0,"op":7,"st":0,"bm":0},{"ddd":0,"ind":2,"ty":0,"nm":"Phase 2","refId":"comp_1","sr":1,"ks":{"o":{"a":0,"k":100,"ix":11},"r":{"a":0,"k":0,"ix":10},"p":{"a":0,"k":[1024,1024,0],"ix":2},"a":{"a":0,"k":[1024,1024,0],"ix":1},"s":{"a":0,"k":[100,100,100],"ix":6}},"ao":0,"w":2048,"h":2048,"ip":7,"op":14,"st":0,"bm":0},{"ddd":0,"ind":3,"ty":0,"nm":"Phase 3","refId":"comp_2","sr":1,"ks":{"o":{"a":0,"k":100,"ix":11},"r":{"a":0,"k":0,"ix":10},"p":{"a":0,"k":[1024,1024,0],"ix":2},"a":{"a":0,"k":[1024,1024,0],"ix":1},"s":{"a":0,"k":[100,100,100],"ix":6}},"ao":0,"w":2048,"h":2048,"ip":14,"op":21,"st":0,"bm":0},{"ddd":0,"ind":4,"ty":0,"nm":"Phase 4","refId":"comp_3","sr":1,"ks":{"o":{"a":0,"k":100,"ix":11},"r":{"a":0,"k":0,"ix":10},"p":{"a":0,"k":[1024,1024,0],"ix":2},"a":{"a":0,"k":[1024,1024,0],"ix":1},"s":{"a":0,"k":[100,100,100],"ix":6}},"ao":0,"w":2048,"h":2048,"ip":21,"op":30,"st":0,"bm":0},{"ddd":0,"ind":5,"ty":2,"nm":"Background","refId":"image_16","sr":1,"ks":{"o":{"a":0,"k":100,"ix":11},"r":{"a":0,"k":0,"ix":10},"p":{"a":0,"k":[1024,1024,0],"ix":2},"a":{"a":0,"k":[1024,1024,0],"ix":1},"s":{"a":0,"k":[100,100,100],"ix":6}},"ao":0,"ip":0,"op":30,"st":0,"bm":0}],"markers":[]}